title,platform,type,cid
Hyperion,Fan Bits,Index,QmXpD6bwy2JVQ5uFEvR7ThYsjdsMn9ZHj8z5A6REJXDyG3
,,Metadata,QmaifACvsGRpDbpEs828GzAR7ikuSBjYqL4cLvo2qcRvEp
,,,QmcBqUqGcwmRwKxb6oVzVHvAnYaooQ4x7yoAsYCC7HwRHA
,,Image,QmfSQbCJJK6GcNyQN39N3QK11yWFawteNJEKKicSbsjnM7
The Fear,Fan Bits,Index,QmXpD6bwy2JVQ5uFEvR7ThYsjdsMn9ZHj8z5A6REJXDyG3
,,Metadata,QmcTXkP2YmCNn27xnURGt3Zz2F6NZY5doXueUtvcQ9ezLL
,,,QmazZ9RgecFj78hPbwSRPwjHkKA34Hb7BCKnzz7u718neR
,,Image,QmakqwiuucDuR3hu2qmueXkgzNq6yhtiZb5HSrSnaGxEmB
Death Wannabe,RARE Art Labs,Image,bafybeidc6khlmiqjmfgheajtordjzfrvclgz3naibmxhwrxktlzxq42ui4
Cracked,RARE Art Labs,Image,bafybeifxoyp4qam3lv2spgq7pew5uus4d6wgt6z2ngezcdml2w3hpve6ii
Dirtbag,RARE Art Labs,Image,bafybeigdkg5hxfdcm2hfu4qousund6ci3wak5xodue3xm5aldynyqaxrke
Disaster Suit,RARE Art Labs,Image,bafybeieo2bky7u7ltksmulvqdq5yo63bk6gnwckcmvllglsemtqxfkfise
F is for Fuckup,RARE Art Labs,Image,bafybeievi6tdjxxej7cgnpvvhmzolfgad5ylqs6cxuaez7satvn5x5ut4u
DE$CENT,Ascribe / Tumblr,Image,bafybeifu6jupdtk3k2nbmrgouynwipgfbcjyagfiolzfynrkv5exc3qhry
Post Tetris,Ascribe / Tumblr,Image,bafybeibh5htomsjk5cufx5kcyno46vzfqofghfyrltway3crropj7a7tna
Jesus Mob,Ascribe / Tumblr,Image,bafybeihxnqw6jrpqlsbtmlymsp4gq5z7u2nthfekue25gsqowi2w6ywffq
Departed,Ascribe / Tumblr,Image,bafybeihkilu4e625dzrkbh3smzg4ts4kd5ibvmlmjpgbpa6a33vnovk4vi
Aftermath,Ascribe / Tumblr,Image,bafybeidenkijcwbwhhjt3e23zrth6ow2hoslqq6yqc44nsb6y5eclqvdie
Vote Death II,Ascribe / Tumblr,Image,bafybeieproazql62fppe543q7tujzm2t2kmwgwwaf3wko7ymakkxkiu2sa
Absent,Ascribe / Tumblr,Image,bafybeihu7wseylhtma42jrfm4adyfiayjqntq6bqubwak3oe5xvdybpzve
Alight Here for Dystopia,Ascribe / Tumblr,Image,bafybeicqggraus6k4inkhyjgxfuxyauk5n65c3zd64k7dek4m6y5qucsg4
VOID,Ascribe / Tumblr,Image,bafybeicp7mr7lbisiwgsnr2auzm7nd2qar56ttjiz7rhldoo3jnwvpqy3m
Black Hole,Ascribe / Tumblr,Image,bafybeiadvqt5sd32lj7kq6unadbwzqxiph5mq63ryurnf2exq7rnp7wxlq
New Teeth 2033,Digital Objects,Image,bafybeihpwb6vkjhwckzc5cfnwc6uorwyt6s5h34pbl7tlgepu66rt2kstq
Last Human Police 2039,Digital Objects,Image,bafybeib7os6zvn2nlbvgtnepllrbzj7p7kb5tzmme75u44ycmzazviydcy
Hackproof 2049,Digital Objects,Image,bafybeifqbx7ltgvqo2pt7nu5vaemvr6eiilpajluxi4m2z6gglpmpy7z5q
The Doomed,KnownOrigin,Metadata,Qmb4LTJ6SxSK7ebU7fZT3ZLje9xDJ38t7zPdMzC1nu6VNN
,,Image,QmSD3wWx4tSXsCaDrKMVHU8aGhXzbruLw1jLm4PBUXLdT3
Disintegration,KnownOrigin,Metadata,QmNQYSVW3GLiaPqgzB4TbbqgzKEr8mC83Zq6nz9fBqJY34
,,Image,QmYhK5RbEY1h8B3cgAhVWQrmawTaXbUKJMkwni1oCXydZS
Sixteen-segment Death,KnownOrigin,Metadata,QmYb8gZLMzAehNbogKNfdmjTNPoYHtSTndvNikUADM6oLp
,,Image,QmXcAqYyaEWscDZ2hNjNpbYFgkG8YnXXjp8sGKDyiop15M
Last Selfie,KnownOrigin,Metadata,QmesY6AoTnGTpx4NnXTvaBxvH3P3NQeemd1C9NbGUckLQX
,,Image,Qme2BVtkooAXN8F6WsgipWGiBgg7ja9stzXKkGdWef1Us4
Echoes of a Dead Earth,SuperRare,Metadata,QmWGTQC145eJuf9n2kTwShuSUuQzjeBHcqLk7nxQjehN2Y
,,Image,QmQnek3m4UtBQxqsqJAi4AtMpd6tNbeDVr4NGJuDQnKq87
Feeding,SuperRare,Metadata,QmdaJcHaPwJ3NNGxhwZDXeksBmkfyNNJwQ2fFwNV8CLAeP
,,Image,QmRvuHEk2KG9tDNtWDyTUKwxo5pNDnRffkeCvMR3ppzdP9
Some Asshole,SuperRare,Metadata,QmNhjsTxqFMWzSX6eYijCk427pi4cg9NruC4vhpNFdBvgM
,,Image,QmPVzZKSci6izfUkH8PuAkhAN42RZBV72nANy8hkgZuB4G
Vaping Won't Save You,SuperRare,Metadata,QmZyYPEJca7B1vPsXm9RoecDkQYVGhqAeDuwkZHTrGhPj6
,,Image,QmVMaF2LKGUu7rGLM7ibcEuoxa59PZ11wy7twvberqrLcr
Greedy Guts,SuperRare,Metadata,QmeJD7H1tgF15R49mx9oSmb3AWE6ZZ4aSqPPFqeYrp8tYb
,,Image,Qma7WZLX8nCQehdKzTCjko1nXfHex2JCKKhi89LMAoCwxF
A Coin for the Ferryman,SuperRare,Metadata,QmV9ZWpoCfyGdm5TDyGxzupjBGCThWpujfW7ENiGxcCjM5
,,Image,QmSJjfxcn8ki9SDhUtgefpLX6aS7RNFSEZ1xXgR8vTUVXm
All Time High in the City,SuperRare,Metadata,QmY61HhVzZNFTGutaWiQCrPWBUHFBWr2o5bW1cDYBSF9U7
,,Image,QmVUyCyML8XRX3FAZMpatZxFQKvD2jY1qFTUawZSjwRyHn
Reflection,SuperRare,Metadata,Qma5SBrH6DLT9P2CrXT6Gj1LyrZvVf3PssEMrLrfzDdTv9
,,Image,QmVAuvoemK2Ym79aiw3hEiBW2EXq4jUyr3dnzozD7WYyHB
Anxiety,SuperRare,Metadata,QmQq6EU4Bh2Cyv5YeCwHBUWH59TFCtvBsroMPQfzqkPGJ4
,,Image,QmXAYvTCi4a1k3SDp18Xg6RcwUyAtLqQ7roz9sdKeFfqM6
Death Dip,SuperRare,Metadata,QmSZJdkXCquvCCyaTa2EH1meJ8wcmoDX1spSTseHq2zwuh
,,Image,QmPVw2vcVnj7vYHc6Esk1kRpQTVxL6KEgc5bmF6PFjR4Xi
Chart Riot,SuperRare,Metadata,QmY3GxJvjmBBFh2KPpajZ9EwAAvH2ipF6USVaPx9npxLza
,,Image,QmP87MepUZoLb24E7FGW1YbdvZJmkcKU3B8hc52bV7pAwR
Post Debt,SuperRare,Metadata,Qmcmr9BGeQUX1WMPi8yRXHcJ18k1nMwxnFwZJWKKTPfgUw
,,Image,QmauvHamQVLWXNpdoKLimJsTLmbUrc7M9NewQz3g3R88qg
Dissolution,SuperRare,Metadata,QmWU6SugUEZkTUqgXpToMj41ZVFzN5kBNTDtPUsLtAyKrE
,,Image,QmZVZW7a4vYL8kmQ8NNQkddvkKnN6334HojJmJXEerfPhF
Two Humans,SuperRare,Metadata,Qma3XVYFYBqDFyj83aqjNm9YchuzQvYFgouMuUsjWx82T5
,,Image,QmUVEtsbBeKMdyGawC4F17vUSG45KcByBjnt3RrcbDC9Ce
Not So Fungible Offering,SuperRare,Metadata,Qmf3aiThy6o9dhqisu9ZKNhydZqVx1XSriQ59fxT1A23Kt
,,Image,QmUmLBpwxTGrZTipuMb4brequczU3MdefUoC4C8usqsCVg
Never,SuperRare,Metadata,QmZnp1Qxr7Heb8EYzKRM4SVK1WbPTEEjnrgkmxianBGKXZ
,,Image,QmVDUrGzXaw1qND1r96QPjbou2WibgCdaa6Toe4cjRBwXX
Departed,SuperRare,Metadata,QmXbYgkmVYhkAosNJLNsu1vxvHF6zy3DAxcFDRY11fPfz1
,,Image,QmUVp4wHiAqZkVmebdcKHzW4XLxheetk3tU5FA12YkA59S
Loading New Conflict…,SuperRare,Metadata,QmZsnfBoDZigBkEkKo1FohMyHKq58Ve2Lw3SrHA6LaeuFJ
,,Image,QmfFGzrjktHdVLcBcASoPdwGv9c81j97ngfUiZUstaT31k
Loading New Conflict… Redux 1,SuperRare,Metadata,QmdoAoBNSV9oPWwCfeYeT14gMNJTbdtxKpfkocJ6jiwmtC
,,Image,QmamJsgdgQhrNkL8jfpMbxoELPmFanKvSawJHfkJcz3sQp
Loading New Conflict… Redux 2,SuperRare,Metadata,QmSzwNCxo2UnNfGXZNYEmVUnk6uDGMPW8s6Z5vPaHuZ1nM
,,Image,QmPpPMzSkPc211q8t98zxC3f5iPcEXdXiYz3huYQqMZFjM
Loading New Conflict… Redux 3,SuperRare,Metadata,QmWJmEDdtFjGQB1xh3gxTQLgkG5GrffmtyYetkMgdC1Loz
,,Image,Qmea9m2YjybqfQmnxxnEGYNpaVgC1M7fEQ5gz1E7uVXE9B
Loading New Conflict… Redux 4,SuperRare,Metadata,Qma2rasBgceDfN8aXfBe8CLRbmeyArZCBiseHHyWmo3rUU
,,Image,QmNtmct2wE6GhLqv9E9eRdQtXRPrrhyrV88CqYZUUdXrZY
Loading New Conflict… Redux 5,SuperRare,Metadata,QmNxMgjg3FMW3VgPr2bfn6WFUCatNwNmuP311gULBn5Pqa
,,Image,QmXYF4QuxHxZAMzh5Nk63nk6imcY2TZMdieSFbnxg6M71A
Loading New Conflict… Redux 6,SuperRare,Metadata,Qmd9wfx8s5K8yVeAv1Qbw1hMzHPyQG9wrudVRzLWsCczum
,,Image,QmPGCnpFomJqxdECB3FH83X9MkR2MFbkEgAB1H35MmxfYC
Don't Scroll,SuperRare,Metadata,QmP3XRWMZ42B8gThBAcfmUmNnaqKui2ZEFbPWfZXH6Bm1K
,,Image,QmeyERGFJLnidCWGZuxbt928pUT3itqEJGK6KsMfGdUjyG
One squeeze is enough for a sink full of dishes,SuperRare,Metadata,QmbqzHaw59Fq2Y6e4Zko5EXSmGKr6meAjEnwe9MJnvM3RC
,,Image,QmadshQxnA8Wp4XYwzopMbixbNUFkegtHQBnbNZyC4SA2y
WANT_1,SuperRare,Metadata,QmNV9k4Q8KczmLmNcVX3hExSdFLQVJ8HNZJQVbq1YgCAS5
,,Image,QmbyPYvnMhXuocscCuVF4VS6RV8bTSgaEyzALe1xKYRytT
WANT_2,SuperRare,Metadata,QmPjsH3PR4XQ4UN3bqfX9esRETPuiZk3k44dsvGHEUs2Jf
,,Image,QmaqBDjQUJuD7uri7XekT4b4eyfURhRAUL1gP6GtuahD8H
WANT_3,SuperRare,Metadata,QmVmzwxpsGQQmNCtaAxt4xrn46BqTZTH9yEC3DAtTiidRT
,,Image,QmWKbZbnvKiAHH7JsNgF9tsW1AHS9ktd6L8z5FHJA3EpJU
Jobsworth 2029,SuperRare,Metadata,QmakB21VRvjhTBsz1AYMjPzZkuzhHM66Vc6KCPtbHChGoi
,,Image,QmZocsiZNoSwL4yrvtn9qsi1NShk4a34dMdyyjA5L2jbLv
Alight here for Dystopia,SuperRare,Metadata,Qmd5VbVG5Lmnscmo7JDBGU4imruSFUpAubo9tRfmND17PV
,,Image,QmSyQaHaJXrTCLL9RsNCp44Wqqp1FmQYrerh2wwRgS2PV6
Tap your card when you're ready sir,SuperRare,Metadata,QmXz8Z5CGKKfhEbBN161UTpDi2TYCqj7YV2wj2qX1tnBeD
,,Image,Qmc78mdyUGex4DPDkepJ3TQpDHf3Hn3JYUnfM6ynRjPvc9
Distortion Therapy,SuperRare,Metadata,QmbR8YVARkoYnMSG8cZVMHU5znjP6jw11pnvYJfwjMZvQJ
,,Image,QmPRQNX88dnyjC75z3CU2nYz91wHRrYtcv4x38av8XpREw
REKT Guts,SuperRare,Metadata,QmPcQKSfTeu68K51UteMgj2aQQ7gYqUTjjnUAXWKnnrG77
,,Image,Qmek9ntZgzEBifGv744SUCGFfvNgoib6c3LLtm5Kkb298d
And how does that make you feel,SuperRare,Metadata,Qma55XCiwsYfTw9YsCswRS5VQaMP1wtZ3mvAV4oCBvM4i1
,,Image,QmfC7uUzUYuodTtLbMexynKjhiK1SRzF9GcT5A34hGJkeR
Generation Null,SuperRare,Metadata,QmV375biznn8Nt8jiMZqxF2fHCXZztxQWjrwrDQZ29CYuU
,,Image,QmP7h2Km9QoB5LRi8ARaHbyGmerZfA2Jy22qZsPHubXggA
Lockup,SuperRare,Metadata,QmVoqZNcVXZqNk3vUPzNxWnaES37nr7Dt1KrWWpifPPM2V
,,Image,QmNnQGsasE3k79aLiBdwNu67u9pVyi4C1kQMZTUYoQXkTm
Dead Cat Bounce,SuperRare,Metadata,QmXmmtfNVXQkT6KuQFzuquzKWt5HY64ZCKcffFypUKJ86z
,,Image,QmQbSk6pn9HRq4cqmER3PBSuGLYBfgXyumcy9CFV9da81b
LIES,SuperRare,Metadata,QmTZKmQSRFb5ETyzK1P1phf1ABBa3Sik7ouSdaLHXh6z2o
,,Image,QmZcPeKfDdSSuMdiwRmm5L4eBFYKbAWYMEUg9HSWBNNkjH
LIES,SuperRare,Metadata,QmQ8gCBz6nMQjfvZ3AKXuPH48p7vBSBPxfzdUfqZpUAXX5
,,Image,QmXEL4JZFGWW2DoZuefqCEcWDvQeNL9TxhVD4ynnecfQGw
LIES,SuperRare,Metadata,QmWHY8G5TXmcEFxhzBVL5cotzkGUTAXukQALxjPLJgAi8s
,,Image,QmQGteoEYdBUrndmkxVgLVfbNBt6HHAX8SY4Gc5D4UEKCM
Man with new iPhone on the Hammersmith & City line,SuperRare,Metadata,QmdaCL9g3nTs91C6ZD4CwQ44Qi5xwLqK2QAPZMuoUCDkk6
,,Image,QmWnfevAE4tzniFpVLZEp3nBEFwzqr6Dp1z3kPa9ij4H3e
The Good Men Who Do Nothing,SuperRare,Metadata,QmRjKUVP8CKT3F7LhXn3NVLUDn2TH3mgpJyV1zoejyxtKF
,,Image,QmWjddDfmKZ635DGste8Y9U16P2zwhjQ1jAf1cUUbA4WU7
Right-click and Save As guy,SuperRare,Metadata,QmQ7D7QqcAhFdrFfquiz7B5RWZiJ6e9Ast1LzpXZEdZWF5
,,Image,QmTA9VN19dxgFEF1H1dJZvmBCFsZRryBBnLKfUJZzFXNmU
Crunch,SuperRare,Metadata,QmQxosASchboA7KQgqUhoUvzHGyiqZM9DYCm1AnT76Jg4m
,,Image,QmcNXXYHCVWcfQb6sHhmiRTRvEEsB9LdNZdkV55zWeH1Vs
Remnant,SuperRare,Metadata,QmZufZN7BnU5V71e5ApMpDJGmc1X1fU6W8qcsyBx2zfuaC
,,Image,QmY7NDtJ1v5ExPmy2DbjvaPrZ4QehQcVzfUtM5pvpoPY8t
Chatbot and Chill?,SuperRare,Metadata,QmaaD8uEoAPFzD8MfqynkUrrFYChQj9kBvDMLKjzGzeKh9
,,Image,QmUKz8H2uXuAo1NaYGg8ajpXTYG1pkSne2TUhCwnvNcNem
The Jungle,SuperRare,Metadata,QmVQWXVQvoZRnhXspR6yRzSb5XD9qoCfu61EGbkmvacT4f
,,Image,QmNYUDyBNLezfLjCasCanPZ4W6EvfwGQRnXs5Dct6BsoKG
Lurk,SuperRare,Metadata,QmZ5uUnguXAGXZcJHTwTLnddHwhEQ6bsqi4jkWu89U5FQG
,,Image,QmYZAgmhpvhHhFhgN6yod1T4uVaZnLcytJqKCxAPaXRYdE
Born to Buy,SuperRare,Metadata,QmeHtUSvn3uAS3pQ6yWiyjGXcQUfecZftigXT4GcaEmfnS
,,Image,QmQ5zcCsKJwtGHTpFCc77sd78bfiV3RmtkhQ8SufPhAsuT
Taxmen,KnownOrigin,Metadata,QmehC6MsHFP6o2biGkwtwaGxEzTECVoeJmd5yuuRsDu5PM
,,Image,QmQvHX8TRydoc4XjfGk2V1BXAX6UrWLCmCubYvAo6b3TEb
Echoes of a Dead Earth (blue),KnownOrigin,Metadata,QmYoNiVD9wqs5xg6AB2rB9tLufPm2SmF4QGY1undxXAJPH
,,Image,Qmax6MHfZSBZangSqWm1LAUdkxB6GZgeqk2r3srViE41bc
$LAVE,KnownOrigin,Metadata,QmPSEpdwNTd19oTWUgX4Ehs1kB51DnBngFbkNCAKnm9d5v
,,Image,QmVUKadFGZqEgnr4Uu4gAdLDdYtpQ7yLXQvBAHt1QBayoB
The State of Us (blue),KnownOrigin,Metadata,QmTsQ13Hheuj6GqxVg259cUsh9XsfHCNCzo9Ub2gAdL2vf
,,Image,QmbN213W2rUzbTm5LvaWG5DkPRinnNZv7E6K9mEssv4GUV
h-u-m-a-n,KnownOrigin,Metadata,QmTwBQzsYVnKc3Wa6qQis2FdDs18ZokYzWFA6uf9LxNtJ4
,,Image,QmVCvCmFoFSvP5FDzt6kN9VfTHFNuFRu34RyHJxo9BbWHL
Rubble,KnownOrigin,Metadata,QmQjNNfk9w8bqdQnUpqNMGaUXb6hHobCEV1tdUmXtD7i8L
,,Image,QmTzCQiUambTEydD93beJBmKRyFfocLc6geLtWszjUmzLL
hello admin dm me,KnownOrigin,Metadata,QmTuZKgz4L7dez1HWgpkzieTHzkBN1T8dRAJdfNAGLurWq
,,Image,QmaX35PdNFKaEVCa135NxeCxrTPhEwKHt632igyfFWBxAF
Gobshites,KnownOrigin,Metadata,QmNb1JR1ZiPogDJhc4fZdEMENxWjfNPnf4jKBUfgDJBhHh
,,Image,QmXedbXqCzCzgif9ZjNLr2mqHn1pmLCFCbBAaq2VxpUsUY
The Deadness,KnownOrigin,Metadata,QmUGn4S7nFAgBWLkkSF88WEf3ZCrLn666WqbvyD9RQsCu9
,,Image,QmZtSabCN5AkoVCFHQZ8FqqDsxzeT1uDU2j9vhgWDhmc3h
No Favour (cold),KnownOrigin,Metadata,QmRKfSjfwgF7MTFXnBUz3rm3d8293p5tAo9sadavBqBMki
,,Image,QmPZBfxjecUGepwwQUZrooLXUcFVPBedPhRdqnLsaHtvrd
Best-case Scenario,KnownOrigin,Metadata,QmXAfuJQBVEWYKVzpq7qspe8XhnRg5gdo1uLrBgnT2VBLo
,,Image,QmT7miyneQgEiJhKZ3psNaZG91K37QRiP3kDcECua6qdoz
The Damage,KnownOrigin,Metadata,QmZ6Ahd5kLDLBXPdtkd2RpVN53RNnYpmimejPtWiFFrgRx
,,Image,QmUy5LpR3HLPCEA3rwM6EHLyyUUTKB7HPSNFnJGwuPF8Xz
RESIST,KnownOrigin,Metadata,QmUv5AT1phj1BCtpDdLLYTMq5jKwJoBeVZKo3PwJongs2x
,,Image,QmatNsT8T5VrkfdhmGFuarfvdpo44K4o8Aiis5mWP78oF1
Null Liked Your Post,SuperRare,Metadata,QmNrr5evD9uqNLkYJEZFRoSBaEHBEPp9EPZ22KYBvAZjhL
,,Image,QmP927eid3AuxLzwMGZ1xrWBzXTcTTKwnwQsbRuAnJJ2Ui
$LAVE,SuperRare,Metadata,QmRV6XYqQTuRQz11DzYgq7MtL6RBiw1jQ6myKtZpV5ixJb
,,Image,QmUFMfZMfvrQSuu1YgVgHS28t7nb9VErzyp41zKrsfuyjF
hello admin pm me,SuperRare,Metadata,QmXzfB9nNo6XzAcFmYwRDn6dUW5vjhhHv3VnCgpM9wBWPz
,,Image,QmXsBxoDiKP2t8vpo7Bb4um3nfK5xtjFACbUMUPzV9xSan
Null started following you,SuperRare,Metadata,QmaxhQDeB6zto4XQBhXs6515SH7qoER3C6vqjEGxdmSxtu
,,Image,QmYX2hf1NEZxEgyNm8wEvLFAXc6Y12NFs2DoLw2LDeoLcW
Breaker,SuperRare,Metadata,QmbD16ut3hyohgq72kLy8afyQkiikwuyZqVgpegHJEUR4r
,,Image,QmUnK2uhhobwpb69PwQkEw3SntNM3rX5cwNjnRC7t34rAt
Nullwave,SuperRare,Metadata,QmY2gcSr8Dud3aCNY11eQErcaFRk4EyvpL68jpSmBAwHi4
,,Image,QmXPt1bZZXuGaLJSGTH6tTgskR2UHTWcUZ9vtVdUELz5K4
FEEL,SuperRare,Metadata,QmWgdZNE9TWxxA7oGeqAoydogmZpTkeSSr8reUaARtFtUK
,,Image,QmRBX6b1QJpBBtEYjA3UYgihcLqXZ563fdXNSEeozNmh45
Influencer,SuperRare,Metadata,QmazBMZE4xYtCiRDfFBFuqeBM142ZbpbRgweDbVJsswoam
,,Image,QmcSDpPCPV1kWKB5a8r284EARKJF3U5aCQKHL6Ese8sKVi
House of FOMO,SuperRare,Metadata,QmaDyQmsykxBs2KbGn71HqZoEJduSsp87zmmFx53Lc3aQU
,,Image,QmeyC3GBb6dwuBb61coDPnNiehMm5iTZAnsHmAPSEnUzrA
Afterglow,SuperRare,Metadata,QmQeHp9YUcSZBKjJngnVqJUiFpEMVcv4YCQCo2qqHc17ro
,,Image,QmRrvwCh3GfsEF1W6CAbC2qmcfdR9kUXsmMRWnJNoYLYVy
When Airdrop?,SuperRare,Metadata,QmUsRypVkdQLw11FDuwBnRnToXfJUeaBcWY3wZGzSwEv4g
,,Image,QmSVpayiP8hT1fozyPGZVhjgqgPC1Kp2wXoayQDpybMeXK
You could seriously be a model,SuperRare,Metadata,Qmeunq9GNqaVeSTtB5YXnZTxU8Vfxd1Fh6KZDdVqehcx4A
,,Image,QmbaSREJVxMndTjex8e6tbc7PZDXEL3CV8BNTzmDiACVJW
Deathwave,SuperRare,Metadata,Qmcob2YfVJcrxEF8zs8Ccy6MibDsd3SBxWAzTfECoeoMjC
,,Image,Qmbhm5Z5cfM37iKUw4xs46EKMjcC36CSEHcobPcU8xd9Hc
Utopia,SuperRare,Metadata,QmPeHeKGvD5retQjBCb6urGq5bDuhd7RQvBEYmKW3vNa5h
,,Image,QmbfQvqSLYWcneC849a3pjb5qetUfsSFRVdv7fPus3ZQd8
Space Junkie,SuperRare,Metadata,QmcWycCQVU2dgB3m7XzgcLfNHz9y9zs1zXwe48iYpwrArZ
,,Image,QmNvP4aqYEB4KrgXDP9TrAfVyTfrJVjs6hja4QARNWbUq2
Don't Panic,SuperRare,Metadata,QmdPMtEtTefE6UsVQ8Pnpsb7idCuXRP8PakJPPLeXFoB6u
,,Image,QmXeg9Zdq7DmPwoKjTH9zv48MViaKexnTPf3kCawwhXfyq
Some Other Asshole,SuperRare,Metadata,QmaozahaTf5CbsXXoEW628pY41USHbstkfJttMkbRkf77Z
,,Image,Qmc42YnjLRciMpDUpaFzCBHfrrGR9ycjoHYixWBLdg7wZP
Death by Algorithm,SuperRare,Metadata,QmW11cPZPmbYn2GS1a8WuWSY6rWeNo71D8QaZr7RCQtw6H
,,Image,QmVnygbLyqJ7HMUkoDHx798sguVhSNSaSb5JiUTdwYN32S
Fleshtrap,SuperRare,Metadata,QmVfFUnJFSySBGTHbA8nq7WFp6XPw6xFkE1o7nKcRRdPkh
,,Image,QmXBKFTVjjZtLncHPkuY9oeNN2QGGJhCTTvGWZzU2yU73k
DOOM,SuperRare,Metadata,QmSnDkKGbmKK1PreLBDb9kCfhvpo932ZgwnxNCdD7b6hSZ
,,Image,QmUHm1YXayXRz9p22uJMH3hBbe74RCUMC9krkDgZkDp5n6
The State of Us,SuperRare,Metadata,QmVdkVtSZYrm8Z29yvDHi6BRrfeN9zW1LDJGAAMEFAJgiP
,,Image,QmfV6ECeKRjEuX8DpGJJy82FZYC92F3zTXF9bC7rsdF3ZB
Orb,SuperRare,Metadata,QmWYcswg1Wev3f3Tbi3hR7eD4c2QaY9RsktpTC5hUmhnmP
,,Image,QmbAwtBcHSMqKknENeqFqdDVGLpM9s8rmjrcSkJvYpJHDB
Gobshite,SuperRare,Metadata,QmZo1r3gniafGQ8Y1SbasTRdevk52nLFWXVh4FV3aBS1S7
,,Image,QmZ3quHByD2Es39BxEbrG3gz85cF3j6EkJ8xJifQxuAwix
The Useless,SuperRare,Metadata,QmXoCW7jD7YMJkALLCpswmzpZwvMt82i9kdTbm3sByyhPR
,,Image,Qmcq7kBfhxbdcWZsKW3LJLBibY1dpPLvgSSRHTLugWXmVY
Taxman,SuperRare,Metadata,QmPfzpXoXNe9vREMYvnhwE9VPM1PojJYRgaumP9eXTLPeu
,,Image,QmUM7GoJu7Ms34R6wxFMfCyLDnYZXKtZTrGQqr6q9FnutD
The Doomed (Mono),SuperRare,Metadata,QmTVdV7eaPoQtfaHA7HLmfXXVEfPQfZ85SnMsK9Vp866vy
,,Image,QmUL3kPrQnv9KBhE7cBJzYiEYyGde1W87XgYfnsUkouDCk
DISCONNECT,SuperRare,Metadata,QmWZbg3esjCznsewdnM8qHSTd2jfgZW8RYFmMf9jFBxPao
,,Image,QmaaVmHD97w9mPNw7NFb5vVmXJiFR1uv4N733XjAAg7BLo
0,SuperRare,Metadata,QmQR5JYfs9WnrtnRsqNGvRiTNKRjmM5JtddiHC991gkpTd
,,Image,QmTttSkdYoyrif8eN1ywmjJiyw7pqJc5YoicKe3EBxnVKJ
Us and Them,SuperRare,Metadata,Qmahxmy2KsAYUNzqse7a87QCEqFEGMEBpyDAc3mtNmGgEk
,,Image,QmeAC3TqcabTWXAfGWT3jdFkZQmNGdFyy3twXQf6gsFJnC
Feels off-brand,SuperRare,Metadata,QmSRvsTg2mUay4UG1HwNYy8mTpapvgFSXXkMCaHycvMDcT
,,Image,QmVdffJt5EbWM5QULb3dyfVkzd73fjhgPP8bYFS5M5vMjy
You're wasting your life. Literally.,SuperRare,Metadata,QmW3PyBD6NMSUBYPJDdg7LtkctKuHPZGHTZs9t6wHcoTdB
,,Image,QmaYihUFz92PhjxBcY87g4yevYZZaB8MfkhUcVpVF9KeHY
Bad Flavour,SuperRare,Metadata,QmRZsGbQPtVpPsVDeKoTJzNnLsMuok9LgLQY8mbr9YRPEq
,,Image,QmZnhLrJU9Te2F7Aexey7SqJpFHMVQPHNSNY9nipMqN8HX
t-r-e-n-d-e-r,SuperRare,Metadata,QmdH9EDPMbuxkUp5X2xp63KjEAuAb6LMeQBcJ4Rz7LhKCC
,,Image,QmNiqnuNTqH8f3ynujG6PhCzWva6cYdzrDcCk4o7V4bqTk
trigger_optics,SuperRare,Metadata,QmaDRLndPGcr743iHK3TjDwBwgduGWYBFXFbdz44qUTh95
,,Image,QmeivgAdnYSxPuvGs328W3BD22m3ngswLHpYbYsLsrA2G5
OVERWHELM,SuperRare,Metadata,QmbAkoqMYBrUyPJPuWnZEvEm9sAbfr3XBjTYsP5s89JqRT
,,Image,QmTx7wJwQv4Hh8JLecEfsEjxysKzEnVPnL42VVeb8dMra8
Let the bad times roll,SuperRare,Metadata,QmdMMgn316mq4KuodTtKtzndCArZUChmjMf7pQ9GCmHerA
,,Image,QmYSjaysEkUPtbRR6udwYP69z6nHvkxNmnYPi7VoEQ4Som
"Skin, Bone, Blood",SuperRare,Metadata,QmUBPzKdTcg23Fyy5sRFAeaW9MkwrHh4s1V3MYskFjHJ6E
,,Image,QmSmDDCBQ3XEnhW5GtuV93nFzC88U1jVR6frqaBRgM1hrj
You can't breathe money,SuperRare,Metadata,Qmf63kfsk8RG1SuggnSPXoJmLEXnAQPH8nfeNG8WcpQKCM
,,Image,QmYufWtQtZLJ7JycXnfUBKUd39wjLkUexdt3ubwk1NAhEq
mortal_,SuperRare,Metadata,QmVgG8LKkwtqNGoMktswz4VbKqQ3vUM3CASy1ESgw41Pjg
,,Image,QmWDEAVfThamXeZuNNxMpNz1LgeXRC93LGMB9JB7aWn2hv
Mr. Elevator,SuperRare,Metadata,QmVxaEgSy4L2Qvj5QTSpvE6fegWDDV97LTzqceSgUJi556
,,Image,QmSdjWH5JWJZaBfSKGzQtRV2k7FHAJp9jWJVwNtp6HBQYm
No Favour,SuperRare,Metadata,QmVNHk5GqyMy69qK9pUaVNNj7yEGp2rSPM295uarSPzZ8v
,,Image,Qmc2WNYEbDQb2NJygRx6NjFxGkhcMWjTsoXD81ofzXn8f7
Right-click and Save As girl,SuperRare,Metadata,QmV5GeeurwrgvR6bMF1VNjtUqTWCrSyH9GFrc87uTn61A7
,,Image,QmfT8B2QXc2p9T1CatrkbGyjtvimMpq68SywHV3rL52cWv
T H I N K,SuperRare,Metadata,QmXVYRRH7PVqKnygdDvFtc8Bf38HW7q1vBo5LR2s9eDz1i
,,Image,QmT8QjqrszLzkmdszWLkuXLj6ecazaHRykYPGXxXHrzvmo
Splash,SuperRare,Metadata,QmTupXhAi3qSoHSrtUEpojbXWvxUnJ8bq1dxA9zJCnKHpA
,,Image,QmQfgvJYQRUhqjXRRESvf5dL2tzVWeq8xfK51VZ2yvdFtM
KING Cricket Soup,SuperRare,Metadata,QmWAPQf2Qcdv9ZJw8sSPpQmpFG5CN3vfGH1wBBT2yHpTpS
,,Image,QmdMFTeGG1cuuKfhnCBmZ7NA5LUY6MuTU4AXmGJjnfXH4Y
Puppy Therapy,SuperRare,Metadata,QmeRft4iyBvkVCmDrNHhzEjrfkL6FVgpyWLTWEXB3E375o
,,Image,QmSnseJwurAAvFEET4rrvjed4oHuPfZ2VCXxYVfK3m19B2
Bad Code,SuperRare,Metadata,QmdVvHvY5iLHGnKQtwbXnrmc5L9M247jNgBpYGoEJToeLd
,,Image,QmTPEn4gxxkTDFpKs94uiw93HXF4tmFdVtxwCMLs7tN7B4
Pteron,SuperRare,Metadata,QmfKiBeoo8JawYHEjcyrWX3sWoetkHTsPVXJgrrsAUi2cF
,,Image,QmTdY6TcREaRi6ys3WaWQA1GCUEiTYyCYJk2VEU1ExpdgF
LA_h-u-m-a-n,SuperRare,Metadata,QmeGobzXGBCeuSDFe98iyCU8Ymzxen4xbrZXxPpr3V7Syy
,,Image,QmcCYDBnQzhNBsPVBeov32iUSacsjtoYsgxyj5tMRjuSyg
Hatehole,SuperRare,Metadata,QmWc2UCCYnzDfFpcamQRZsgxPULTM4mWpbqrzQhLeNQUkU
,,Image,QmXdRpmsyGcC1vLTtRvQKKDzAfctL8LMT6avmFRQxpwHLM
In The Hole,SuperRare,Metadata,QmcBBF2tMPtcJ5t4XwqYZWeYzBLqi1hPy9orCDsk2UgiwZ
,,Image,QmPya67UVxTvzg5Z2VvmkQYQSS5fQXgYHEErXj965wG4Hm
the appropriate loss of control,SuperRare,Metadata,QmSB38Xn2vN3aEs4suq6Sc1vHXAEZnhzZeZYWoFJ9aBaBd
,,Image,QmedoroAZ8FsWLXKfpbh6ZcZxD5LMp2ywG8Az2mPD5KV1k
WeWork Boi,SuperRare,Metadata,QmeuFosNtiLXABb26HEQSHfCtM3qrVwhaT28ozEw2VMLBi
,,Image,Qmeur8FLYpZ2MVdgLu3nTzK8hXh7t6KEQ5PWBrBn67KAVz
10th Floor Ethics,SuperRare,Metadata,QmNyzcyPx9uHg6Ft8eheUZts2Cz35HGuz8C31fjEqqv5Je
,,Image,QmaLL3B1kowruCbhf26xvDsTd5xfXSGu9ZUe6tvss2E491
TRUTH or POWER,SuperRare,Metadata,QmVF9npX9wxt82eotReoZGXvWam5H5cyVCnQwKpdpurFxH
,,Image,QmY3N341bNbL4CqgNA1RVYwL5wn6A4ZHjptsC3qUmb7DC8
A sea of motherfuckers on platform 24,SuperRare,Metadata,QmP2Mka1GDrGbZK9D6bDneoBDwRCivojQJrCiSNHwBECkC
,,Image,QmdxNKAJC7KJPbmuXu1Se4qRpyLmtPXBkkqRNkLP6dLuAS
…but you can't hang it on your wall,SuperRare,Metadata,QmU3q9kUv161xaP6tYz4vGGwwNTPAjTsPLzWT2h6Ln27V4
,,Image,QmbqP9xEn7z9Lb5WDHxye9WD2HxaDkaZHqRWe4c6hAePbX
Gods of Tesco Metro,SuperRare,Metadata,QmXZnapJ3qoeit8Y3iCANLV839KWHTd2zTwse5yTbx2kMS
,,Image,QmdetRGx6mhRRZxBhZYLaHQUhGf5XvdrNXyoAeyKK9J2Ai
O B E D I E N T,SuperRare,Metadata,QmXC3v23oMu1DHGdhz6BwMdAZzfgxhZFREcw4bqvsiR6Q9
,,Image,QmTpyPDAH5AxdRDmpPTEMd98m1SNdtYUaypPN3gnxdLv4n
The Burning,SuperRare,Metadata,QmbsG4x6qKREmB9uumJ21iKL9Xf9JLJWrQgcZwTc4VpKY4
,,Image,QmYzCAD5t5XtYenYoGrWMjDhzat37cesbar69RLrNaWJbB
D I S O R D E R,SuperRare,Metadata,QmUKy6JdAng5BVKRYPbnTswhM32GV2VWDy93APYEtQpMGV
,,Image,QmSwojTou6gNFKshiP974A9Rm8Us7Ef4shTsrNbLqyvUkZ
FOMO,SuperRare,Metadata,Qma68yLe2qFMdsDsZsEYNArkiWqPK9fZDE8Qk1ZXhTTeUU
,,Image,QmWpLxe9vbNqCJHRT4jqgqhKh3qY6NmqFCXLzSZNe6B7yH
Banksta,Async Art,,See CSV
DOOM Party,Async Art,,See CSV
The Rabble,Async Art,,See CSV
Blood Bubble,KnownOrigin,Metadata,Qmc2XLeLv4HajFDW7oFdLnc8kJZUY3tpsyCsCNv8KjCdd4
,,Image,QmTjC9qL9SuQ6wdbcVRqakrum9vEkYdkVbknJRQ7ZV3HBc
E X P O S U R E,KnownOrigin,Metadata,QmX7atz4uUs6BPbEgDLNxAx9Qd7c1yTzcEBvynF4TobfXj
,,Image,QmemR4DEWpa8znKW7SwFH8QZk7ywSPCLpMZXr9R7ftHjVb
TERROR,KnownOrigin,Metadata,QmU4BubuiQ2NHasR27xUaNMjuLbeQEbMouNq2SREKxWrYB
,,Media,QmZp6aVbay2SmxgkamxEXwk7sjPeiuWuhaMbXs9d2BXTph
,,Image,QmTEoaT3wXdezfkmhc6XuDF4Jze5PSx8TzoM2QMSL5wUZ7
EYE-ROLLA,KnownOrigin,Metadata,QmWiHuj2ErdT4XGYT7MRKF4dHj5syyqy61g1JxAmamCQ3B
,,Media,QmVqc6gwt6aCByZ87rqykw8wksogfkE9JKAe3aDPW8gZu1
,,Image,QmXY55BUf2skGy6q5wpT64iToKdj7FYLnchbNXVPcAeUhZ
The Doomed (red),KnownOrigin,Metadata,QmYHU3Yc5QLiNHCDGA9Wn5cEW6hiRb64JGLdvUis9xrb8L
,,Image,QmXKQXNLe16vjuBPAAkw8fWaFBwAPjrVJtijvovbJv7tTJ
The Doomed (black & green),KnownOrigin,Metadata,QmXJ75uFYxP6cHrd26MSjB6FkAgDgE6xyPiX3515YBYVtR
,,Media,QmY3DBwTVS9ZzWa9Vc3m3DHBt2dYPZ7GoDyS92Z9KhXiKx
,,Image,QmdURW3sSV5gkCYGYBfcPKdgLiMWCmQ6CvF8Am3deDfK5J
The Doomed (black & red),KnownOrigin,Metadata,QmXp5qhJWK3V68RxnCXZ3AaQgMH3SfuGQJmNJ6VvFNS54p
,,Image,Qme5AbzusmNopDwyNGFdZQuRQsHPMdMMoP5YMkfyK21Ssq
Fly Juice,KnownOrigin,Metadata,QmSGb8LPEsMeN2XvtGkqRNQqzLJKEVckAxxBDEsxLCYMWp
,,Media,QmZKnFqizCJXAZEs4kgE8pua6TwMgm1LoB65SKypgzWAfs
,,Image,QmZKnFqizCJXAZEs4kgE8pua6TwMgm1LoB65SKypgzWAfs
Saint_Less (Fire),NFTBoxes,Image,QmQQQW6DVMaEVfWeJhAd6stxQ34U3U7vz7XUcAyfZRhKZd
Saint_Less (Control),NFTBoxes,Image,QmbnB6x6m7UWoiBaQkCoWdzDXWv9bSxBoVFAwqQ7chTLzW
Saint_Less (Waves),NFTBoxes,Image,QmPARwzVf5p9vZPDW1zyYYb1eov4V3DJnyfVJUdxpEkDeb
MORTAL,Nifty Gateway,Image,QmfVvTmYjY3W2KtUH1zcpKjAuQ9a2Qn5wVQCjVCfNK28Gf
OVERLORD,Nifty Gateway,Image,QmSCe1mqpjnDfe6PLYDy13ykVywCpAxXusJLeHKTfMkUYU
DEATHLESS,Nifty Gateway,Image,QmWoa9RAenWS9ZhoANhWcWiYoRF5VV5jkiHH5sVR5EmFcK
Hayden Adams,Nifty Gateway,Image,QmUKHngHJLtLhPrRCsFqUM8Uhndrf2cS5CwXWQrauZsHGL
Bitcoin Protestors,Nifty Gateway,Image,QmamrHnQ6sU1NnGYxRF66j8UEy4VqU39TBg78UMi4wWkc6
BOTTOM FEEDER,Nifty Gateway,Image,QmU2QnXRBFLWYtx9jWHP7ubzU3cBSv2HryPnxxmjmVXPYk
DISRUPTOR,Nifty Gateway,Image,QmTV6uKxmBfv3ZfxVfhf1HjtSkszNC3tiUVcYUf2Akxdn1
KNIFE CATCHER,Nifty Gateway,Image,QmdeoNSveoEyhAXMvRRr1dwQYEaZMNfZqgk8f2zyx2jWJM
XCOPY 00 - 15,PixelChain,--,On-Chain
Happy Consume,Radicards,Metadata,QmQjkpEFWEWQz4KxUmG8U3hrJe5KmCTyWCVVXAjcQJST2N
,,Image,QmXAuMQjmRwBu3KqAvf2fdqvcoaTA7LfUVQdVbEF2U5o2Y
Happy Consume,Radicards v2,Metadata,QmQjkpEFWEWQz4KxUmG8U3hrJe5KmCTyWCVVXAjcQJST2N
,,Image,QmXAuMQjmRwBu3KqAvf2fdqvcoaTA7LfUVQdVbEF2U5o2Y
The Beast,Rarible,Metadata,QmVFmrqh9C4fJ5h9QorR2cqDMTonbt55B9k9ZDCKmc99XZ
,,Image,QmZr2WUxw3TLrSMjme4vWcSkJ675BdsvfPNABRhs7P1cdy
Toxic Beast,Rarible,Metadata,QmVHMD5V6ExEqLwxYSdTXbwfP99XsgBk63SCYnfqtsAJu9
,,Image,QmezeTUgmTsisewJ3DJyi8Fs1E48WejhiyU7qq86K1CG48
Gobble,Rarible,Metadata,QmdXVNr6T2sE6bxnwCuDXsMk4bRGunBtG7vonY72WSHKGH
,,Image,QmTRuUbH5E5jUWVCPQxQKPesB2MG1zRVPmfKV9a1azh6ne
Beasts,Rarible,Metadata,QmUCgdE7pHXon23LHdp3axyPh1bN454pBkkPD7cyZSSj2m
,,Image,QmbFn9JFdSZJakPPJBMhhX3uMZ877WswfGjBL7CS5wDmtr
Ghouls,Rarible,Metadata,QmP5FuM5beU2RxJ4YMHv8x1daHrzN1gY9hn7QSWLvwU4U7
,,Image,QmSDYRXqjyzGBFDwK7CYyXqmb9axt9dt7DE6TMNgVn8UaR
the fuck you looking at?,Rarible,Metadata,QmStKu1KVTxuAfmTorUkZJEJGDQJntYFkePGtB53eQBjTU
,,Image,QmdChwQBfPCwrEbnEEF44Xkgaj5ZKW1w9ksNMAH4PbSZDo
Dust,Rarible,Metadata,QmZz14BENUkKUEKDmQsoEmZGRFGiQJQa2ht563xW6wUcAz
,,Image,QmRDQ4wCCCD11WsjgPmvmKqrdiKBWvrvBbgrVgWkdjWceq
InstaBags,Rarible,Metadata,QmZF4pRQ5NkrmE7NrzCSm7qJKLtyN5Gidaw75rqouCeMKK
,,Media,QmSh8xwX9tKWEWxS7ZpAHU65MnCT36a1cvHnnUgTD4NENy
,,Image,QmYCpANizMdq52JDLMdMt3wDeBr4GsmnQs97xbdAgWdWuq
Blood Run,SuperRare,Metadata,QmQCvCif1K2HFmYBCVt3pstSUe99LXWjFfkmP1HcYFCgdu
,,Image,QmXXLJfdRsvznksYHuKRfAKoh1aEpmD4wVrhpNe8Nu5Hi2
The Amulet,SuperRare,Metadata,Qmep9XE4XqFhkwP5dcZBuVafyuX8Lb4Yrbrr8W14ZL2UKX
,,Image,QmS8u25ycA1xx1dtEEkP25LFwcQUmisvndEQ1fdyWsyXEt
data_lords,SuperRare,Metadata,QmXgbFXqzmQoxJkUrHT4zHgAhGTdLvmNsi95g46Zp1VaY2
,,Image,QmTKgr8zQKmBBq4q12a5FNB2K8WNExaxH1jYVPh4tDqJ5C
One Love,SuperRare,Metadata,QmbLPUe8UHY2aLRZkgAKcvrNoTAEb9gJNaZ4bNPdo64bLv
,,Image,QmcVm7oC48vQ2Awtic4TnFSp9855vJuT8oJT2V5m4TFY2z
Infinite Burn,SuperRare,Metadata,QmVzyhHfwf1FC7na2TAoTXcKNTdwnoHisFLVrrf8rXy6qt
,,Image,QmPAv8ceUiBmyLtzLx5zNZNGVZAZ3H5e1i7Mq7cNGWNv7A
ART HISTORY: VOLUMES I - X,SuperRare,Index,QmWECYoFK6m2rPphLXXf32CcHHqtEUxeGCXxxQrxJpe3Uh
,,Metadata,QmemBrmp1g986DGUyjWAwxs22bZypZmTerwCywXy9Gd4zo
,,Media,QmUFSBwxwcqZp4QN4V7YQ9NGGStRugWTwr3LoTkhcLs9YA
,,Image,QmazLVmx38bLwGHK4oqHciEGhzMabeLGNUYiWc7LtKYk56
PANIC STATIONS,SuperRare,Index,Qme4Fs8HRgyH3u26pNLUhAj9S3LqaDbkYGZ9NCvYNsZyX8
,,Metadata,QmcELjwcGf6P4WCrqUH9m2BNmjoUpUwjJqHrD5jT2HCCbd
,,Media,QmQL7xD1BDVNF1KAXK4bucvmpGrEadutg5jbUQzJRk5NGu
,,Image,QmPXuh9rpeHtwojMTSseiMbhJoBiWJXXyhNA1mMNVQxBZc
BRITONS,SuperRare,Index,Qme33AC2qLX5afGn8iQtEkrrCUptCC3EdVurmDJq7LwuHe
,,Metadata,QmXoyy9aEDzSGpsgpQ98HPwRizHuehi1vgN2eSGSHXQLVi
,,Media,QmcNVsoTdjLYU4FUqbMKojnULJNjPY9cKd7qR2Uqznebnm
,,Image,QmPPqTSz4zodMPbhuv4hAbU2RBjNbH6jEZW9EDXVdVSMUG
CITIZENS!,SuperRare,Index,Qmbm8EG1sbdBgUpErugPk7nwn31zSV3NR1kPSwmxBAFAqc
,,Metadata,QmXQ5gxD22igSwb6kr2aJRc1i2Q8nxKrPDwfvZVYgA8Ee6
,,Media,QmR91LtJjcEDHohKiH27aAuoynhkTQTvJKKQp2G9BE9WgB
,,Image,QmdheLx2BrJtz9ieR11gueD5q1jYmcsT9JbVYQ2KkTTHHs
WFH_Death,SuperRare,Index,QmdbcGyPt2FKSCuEaSkWPgNMMRUusYNcaRtk9WFcX4fzb8
,,Metadata,QmX3CxRGckYkafpUNeFm8RE5Ng7ENX1hGgRJnGQtLn4gEk
,,Media,QmScV1cMcbQFfuf5w91Q6aQvjBaKNyaQm5j5wDnBD4Qjnj
,,Image,Qmb6RWsSnuT8ktQn3EmG3HMYTnYprHa6KwRcRmHogpZMf3
N,SuperRare,Index,QmcQmSPNW3TBZEVdHFXsZSVEdCTedQ8fMYQF1cAb1qfwPa
,,Metadata,QmVqu57v2MBjyTiLLiiWeQjb9DtwLC3jbetR52Rr8nU5HF
,,Media,QmW31b3ma6o3PbFsLG7USNU4V8coNZLXHdrPEcbgvqkuJh
,,Image,QmXtXra5rXj3xbnhYbAnq8ypusxNcxideyxg4SEoqz5caj
Back to School,SuperRare,Index,QmfVHivwH99SP4e9v9erxSzvMrdWKSuMhUPpXouixbrt3A
,,Metadata,QmYpCG4QmZux6djDmsd94AxWdy1BKVxacVNDNekJWoGQaC
,,Media,QmfLgtGBuRrRgAhspAQpTCuAHrm2PqfwiBWZoFS2zDGoGP
,,Image,QmVTHTagn6YJBNxYGNSSQxBACQkNAHAPTzU6BgcMfRcPoh
Hope,SuperRare,Index,QmTHvCY3MMaq9Dedu3Hs8NvDqay8phZj1tkkV5vVHLKFs2
,,Metadata,QmaGv3xjaWgLWUqVWYdpv1ANbA5TKj48qocar24WF2zf6d
,,Media,QmW13oD6CHrANhZGz3FnDQTokKDpGnuzUpc6frPpW2LaYp
,,Image,QmTRj2QLfz2cZE3J1W8F9933RyuaYCk7c8LQmGcVTvHgWb
BROKEN,SuperRare,Index,QmcPsjdGwu27UMw2ZkTrzbANhqRnU2RQvdvYbnKZJ4UmUF
,,Metadata,QmWhAP2Y5p9pGNSqQ2Vobaoyw17iuzAZAACsrrNMEjwf3i
,,Media,QmaHo6XNXCUqbCnvqJepw9GAFcFSrP8gnc84ip94JUJZmz
,,Image,QmceSsuQG4F2YvwZrfMHL2jqVcGCcMJR3ENYR25PANTzTU
EVADER,SuperRare,Index,QmZQUrwxhnZnxZr8kwher8SAwQ84EE9fPivUm5XVa3o2Pb
,,Metadata,QmePZmWQu8dnVVqRZ5GpbE4UfTBcrN55FZShV3Hsgihjj6
,,Media,QmbYmdLQeJK9UTxWuVazAQmjBkKhNYPPffWEaTTFgzY7nG
,,Image,QmUKLLXpd2aocGefvkMaCQifqWFeJZs6o8KZhSbX2DPXAv
Five Eyes,SuperRare,Index,QmSY9RSZroApxSSNyozPSWGddgWtpQe2YC8xE59ZgCzKux
,,Metadata,QmecVK5b74UWr2nfvwViKqz43r83MdB5gLwFEs9pCsj63u
,,Media,QmT1trrcFpbNFVcnpaCyWiAtyC2Y7wgSq8NFCGNCduyUSe
,,Image,QmQPUj79v4RfPxTR6Fb3ijPq6mrAn4J7k5Nrdp6UWZiTdN
Your new favourite t-shirt arrived,SuperRare,Index,QmeQR4yr7vCgxQTgJeSmynhFjTRCV2PjrnUfaQVJdGV8JD
,,Metadata,QmVSatMdejRpZqe12jLZsEMd3ZzcmM1AqfMbo2WpwmYXxg
,,Media,QmZ1Ymiv33UE9XNrMswjNhf78z7MNyDBV2TWT8Y8NNZ5pg
,,Image,QmREaoTQQi1AdFfuPXJ1iw41kCvXYoVPBAk8DgBUkqtecT
Cryptoart drama level (extreme),SuperRare,Index,QmVtXRZW6mo6hnYpHKeAH9T2B4eNJuNPNU3kWAGjTZA2KM
,,Metadata,QmdMEnAC17cJGavwiCtxThqzRRvEidvo3LDtVo6w4jNJ3S
,,Media,Qmeqskp7VudkUnHQCUVpzzwaeMCAp93fmM2E6cWUVXfJjX
,,Image,QmceEjBeSeV6ViGNPjLJtx2ktTEtb4KddLmR4ozhePD1ov
CryptoArtLand,SuperRare,Index,QmcZURVLUqN9D62qx98jaCoV6ffyuY1J3qkGKGDMQ6Qtz7
,,Metadata,QmXT8wPtign5izsX5ULB2CWoikTqz1Ckri2VEt3vEwsasG
,,Media,QmTwCCnN9gcGFmEUC9BNHDZd4aCrZjwPWz3gS8bFP7pfde
,,Image,QmNjTqYx28WhGFy6Dz7fDV4H8fXUWWLPoCirSe967RJJYy
Your time won't come.,SuperRare,Index,QmRKbdBWhsJU5tSoAFJLci6m1Kdcrc1tX7tqKSzaB3rCV1
,,Metadata,QmTyEUtNGQEvoVQDhnP5vfT9ZL8gmRjqupqkBFJCPjHTU2
,,Media,QmbCdsdVoxnuRdXTSC5FXUKt2X1NbvRgGWkt6JgFtcumcG
,,Image,QmRXGxu9J8Ukzx4TKfXK88rrzwn5UuHuP6dt7ZRRmt2MWX
Grifters,Async Blueprints,,See CSV
REACHBACK,Hic et Nunc / Objkt,Metadata,QmamYJyzNQa2zmnhWrv1MBYTr7fufZ7LzPbJSKHvgbovNH
,,Image,QmUk8LtvZVDRZxAYHwqwZd4DknkDQ6eh5eVkBxyY5tKCAF
Do Nothing (new variant),KnownOrigin,Metadata,QmaDC5Yzog5jBG6wQ8uS8M7CnxsoFZcHM7zqQqAdffqEez
,,Media,QmRJZxkcUCjBjYtVhJZPfnJ2HmJr7xZj7Ko4JavRDAa7Zx
,,Image,QmRZpgWCrKYaQeEnieMGGtLy4ufmmAcEx41XkZNNBtV4QS
No Future,KnownOrigin,Metadata,QmbXWWzSv3uDDpyKjB1tcUj8jJkU1zGWFdFh7vhK3nobM6
,,Media,QmW47PMUaEbj32oDAodW693asuq3dNHr35LFjB2wuA826a
,,Image,QmcjW7SsQkngK4C99Ni5bMPsa9cSJNGkG4NWry8e9tf3YL
BANGERS AND CRASH,KnownOrigin,Metadata,QmNfyrSE9zpzMLoNriLokGVcPYEfHNpT3PEQNoc22eCBxm
,,Media,QmZ6ZEkfTtjK2sxabB1B9LEFSpuo8n7GQsd4nRDBqLomP4
,,Image,QmZmssjQxgLEkAiLJV2seNnKaNo3Uqd1VmfswPNiEnw2vJ
BeastMode,Kolectiv,Image,bafybeidxgc7bwl6lwtnyyyxtggq3qi3u5r3q5gjv6px3cxqwyicm7sbb4q
PUMP KING,Kolectiv,Image,bafybeiee3nk3wpaos2stgqclryn7yjpjy6xvvxw2lstzfdjbxi6lnoqal4
RIP,Kolectiv,Image,bafybeihi77q5rwxclreroumcovxer6iwzk4grdwiqyldcfbcezbg33ydke
Siphon,Nifty Gateway,Image,QmSZjqQZY9vZUCCzJ3YjJBcUKUkQubWnwLKV19UP7EguwS
Traitors,Nifty Gateway,Image,QmTmtUDqs2GJea2ZNyt9ru5fchdz5ibwQFBo3EFBsbxeS6
Afterburn,Nifty Gateway,Image,Qmat68z4hBBbbZoxkakqfYuejjx3SvAPHKko9Fj2Mn8L6j
Guzzler,Nifty Gateway,Image,QmZQJC1eRxgwcuQ1yj3gUvcJ2zegzLbkdzE662dLzTVLaG
NGMI,XCOPY Manifold Contract,--,Arweave
Do Nothing,SuperRare,Index,QmRTxKwGDMqHNRCokRob3NEAh4douC6S5XGqYVhcbVecF7
,,Metadata,Qmc5eKHirfKvKgyMNXENWBrxx7uVGpiWr4dpQgSUXeqQRn
,,Media,QmeP7pWXhNQiH6nhA6yFF7kgPyKeKoKuDwL1AJFJwNfyeY
,,Image,QmYy8qTXb8EsgX3PAKDN9uy3kmjwWHYdDLam7UWWdHhqD2
THE_HORROR,SuperRare,Index,QmWYSRRgkN9964G2h9fC1Ej9jtAAF3B7Ysp3xGKUBswDqj
,,Metadata,QmQhmWYEKHXTT1VMgdY59xTf4jSseg4VQ6MjRbT7F5KHXk
,,Media,QmcWcwEZfpiBv6wKQYXjHym8GmaxY4p9orZWe4HnEJYSzg
,,Image,QmXZNUFbuAaGSHqS7ADoDGZsA1ZjN4K5ofj5bJjCMFaGvj
This is clearly money laundering,SuperRare,Index,QmfLdVNxbGpbub7PHtzy9ZxAFzdNY9y5wtGsqW4rnht2aU
,,Metadata,QmTtsBsu1g6cM4wEWEvAcUjwhjJmTS9LzqdQGQDwuVTZx7
,,Media,QmRFDz3thHW8iPmUCAJVmCvxumDkBVrwv23a6A1V2fQKb2
,,Image,QmSzT7SE8oJTozczfSABFaiR99tFLcJ2d9MuNRRuAkKXH9
EXPERTS,SuperRare,Index,QmR5dDpTUf1ZXcyVVzN1GXaWSW1gja8C8SGrMm72FAkYD8
,,Metadata,QmaiFBqNKkYnP6LfVyMPFDWpsvG7yzHRTVKdnySXzrB6Mm
,,Media,QmNggdDhf1V8RMi2jMc2oQDh1MZm6VWurfooTGdwYEKUZq
,,Media2,QmXQifDqPoSt3dMUnsCugxKQfU45mgN5XdFvLf4ypGmY6s
,,MP4,Qmez3nMnE1x73B4StdLJFWb6kRFmjYZfetYcaBJ2erLbo7
,,Image,QmQbKg2A8VxqZN6ZMFa2H9UPziDDuRApnyoBBc2X1QB9Ty
Proof of War,SuperRare,Index,QmfH2Mok2rQMHtHnun6JkQpcovL5ni6LgnUptYWAXLWori
,,Metadata,QmSovFaWyZz4LUNS7FUV6rAovqCfGjhtU4j8ahjfzaF1Sp
,,Media,Qmem4eBWd9iDctgsv3iwSBy7fiYEZcWpMZdDFnL41jKqtY
,,Image,QmXCHf1tpDE3i927QdhpBceuUk3owLSywdp2rxKCgrpdkH
The Death of Cash,SuperRare,Index,QmQKmEKGWrzhsFizUsZBZz2N3fjbC2KnoipVRn7qMhg1Eq
,,Metadata,QmQaM2bg6BLuB2L8EjQmkavWETDwtVwBJzeueAh2kby7Sc
,,Media,QmRWgVFGnNSDWdtVMPwt4Tr8XDwvtYRqsXL9CFUJ9WumZo
,,Image,QmUKvPBaLZLNFmnvYWKJjVgk3Tf1jSHnqJLkhgR8eir2sn
summer.jpg,SuperRare,Index,QmeR1bLe4xJ82yTq7isuAXTb2Ag9jPvcqBZZ5s5CAFaZ4h
,,Metadata,QmNd5r9KXhaidqss38w7nvtJYDzVrE8iyUacyvYAWL7XnM
,,Media,QmQxXDqGX9uKEnFN2B8ttwpvZTqj3CYxwX4Y1JeFvATPH4
,,Image,QmX62bPNStkvrnv3mHMUsoKZ3hH7bDKQtvyFK5i7wKnx8d
DANKRUPT,SuperRare,Index,QmSK3Jv7HWAPsHDYWcY2mjWvDvUwiw76uipSgxjYcJ2wrz
,,Metadata,QmQUxmjQJhxYyJ9RFFnwPdDxiRch6vUm3aTdMqubzEVryW
,,Media,QmaDeC811oLBD1ScWkGFLdUD2nWerDfFaRh9jubgX4M1tq
,,Image,QmcKqoyE1wFLqDeKApyMef2gfXWVZ86X2gNFCwbPNukFs8
DECAY,SuperRare,Index,QmZsRSmzXFNwNXu7g59dp4oSDz5ZbxGQ31KJcZPhzHoxNz
,,Metadata,QmZTa7rnrbwqTq5A8fKEFg2BAZYWeQURT2KSxCDzc2ssPs
,,Media,Qmf7R1Mm5v7BGXsibibXAWDJyFXumFPJK6KNcP2EQVCkxD
,,Image,QmX616hjbe52HKqoBwTmTJdQg1QDbKM8Bw2RbVCrRqpSJS
THE FUD,SuperRare,Index,Qma1vQqezEjAae1d4FuMjCsr8bMX13n5nk7FDUcatfV4GX
,,Metadata,QmPrBNUDeiRyb6Y658oxXP8grVSUSTTFP7fq58MJgqzfZU
,,Media,QmNTVBcKRj3VwijmCzXyjWDf3q9q6kScHuaRkbgBmKJjtJ
,,Image,QmUGxKP8yWPTeQZqb3Qhbv35YzyR85YrwYAp8wphH8Pdgv
SPECIAL OPERATION',SuperRare,Index,QmYoLCQjoQzAYbZALWcDzvLtiEAfBNv9Nwp3Z1AC6i4rCK
,,Metadata,QmNSSngjCiZSTX4BhrJXtqv9dRFbcodKqGpqXo9gtPLTwg
,,Media,QmNVJULxZxmTEuBSDuvtMp9jQnXCUM4WiSj8yzvwBPSNSL
,,Image,QmczH76KQherJFLrVBKot2TM3QogabMrn5xrDGgDZYQaCA
WASTER,Nifty Gateway,,See CSV
DAMAGER LUXE,Nifty Gateway,,See CSV
GOURMET SPICY,Nifty Gateway,,See CSV
GUZZLER,Nifty Gateway,Image,QmQ7RuU9C8qnuCGq51codBeyCqP8P3QyMbJXBRCPsWYgWP
REACHBACK,Nifty Gateway,Image,QmbNZyQmR1fUNnfXj2UXoDGHYyQKXHzqWr6pLenaQPvjEH
DAMAGER,Nifty Gateway,Image,Qmc2AqCW89F138kEAxdop9AfXqgtDsZPW1scs4RwA13Wj7
AFTERBURN,Nifty Gateway,Image,QmQTbknvonxjUoDRm723Qhg2tVTxwzeAbBxQ973LMAJSg4
MAX PAIN,Nifty Gateway,,See CSV
Right Click Share,Deca,--,On-Chain
VIPER,Opensea,Image,bafybeiad4sk2iowx2ppc5jssomnlc2q4gznwrwwffikbn5y543bavi3b6m
The Other Deadness,Opensea,Image,bafybeihq7u5zb6tvpa5jj6zbi4o5uzie6wplxfmkz2bz74lnpwevkqr4fu
FOREVER EYE-ROLLA,Opensea,Image,bafybeiagl7hnedbj2laljsutcwmoudns57fmygeyj5c6zxxe7nlam37wmi
STEADY,Noble Gallery,--,Arweave
EXIT STRATEGY,The Memes by 6529,--,Arweave
God is typing …,SuperRare,Index,QmQtSR5k4VayKKRERfEh9aKeRVKy4F6FNppZnWazgssQPq
,,Metadata,QmNpFnsCvFPsv25wXH5YnHDx3WqWXUE7FtktxvZ8tNU2Gg
,,Media,QmV1J4kUdvqf2YYScMwT86Q2M25kFibRe8ymxf8MLr2dXo
,,Image,QmVsGc15KhQths4rF74i1ChzK1o6KhnS2MdbuoBbCbY5uH
LA WHENEVER,SuperRare,Index,QmR1GjBAivLXsKjbErEFjuUmqyaJLAZhaAVFducZaiT7dD
,,Metadata,QmPYVNcqMtBft2qaYKnVuEgNxr3b7qVwQTvfWZTPB4i3it
,,Media,QmXxMDnPZAHQSKDCDiJkUvhgWLNG6dT8coYvCrqi6dUwxo
,,Image,QmXhKUBsxDQb8Q4XFbo1Y1rjJaUr5s9VJXz6bmqC4gctLS
MESCO TETRO,SuperRare,Index,Qmf4tt5vGczqNpfB1B44crUAyQcWC6r23kLzrN3DGuenPf
,,Metadata,QmNMQjxNkoBxMphat4Dh1HiNymFFaKD1VepAYty66DdrWt
,,Media,QmehcVtLN8azR4zrQLJ7f4Ndhc2ABN3X4EKjdqiVm2XSnX
,,Image,QmaqyYXkBQtzZ3SXv5QLfUb3cuEUfrMQPv45M6msPPFkaS
AISLE 5 WORMHOLE,SuperRare,Index,QmXp1GTRptKtEJdqkJyni44Tx9UV6CrNK6ZwdwzvmbqXi2
,,Metadata,QmPFZAuvth4KSBpGqQAYxcAwf6JHEWPCs5RiTD1yYvqBzr
,,Media,QmaDoYthryQXi8oMagiGsJnFLMFf8VihTmqP6Hcaid6hLX
,,Image,QmYHpadGEbSKVAhoT2m775Sz865yyDyUx36c2VyZWf465v
LUXURY MICROWAVE MASH,SuperRare,Index,Qmdo5LqdWFNmWodsnHnvrYNZoxuuKT5NpS8eUc9pThw5d5
,,Metadata,QmRzqdCtkaBVxd4uPZP6D6uekGWLXjRKw6oDQhC3jFyhGL
,,Media,QmRJqhuCLCjLA71eDhEvdfjEBuqaX5bBvezmNWXQtgXkgZ
,,Image,QmaB4rVKvYSJmN39WobgumpmvkqUsP8CxMSVd8SiQQV4vb
CLUTCHES,SuperRare,Index,QmYmSYVYW3S5wRHKKor4mS6c1kSi4tZyDCK3YT4RiZ744w
,,Metadata,Qmb7svADLFvHEsBZ4wJnq1Y9f8F4mdG5brBQ3eyuHgisRr
,,Media,QmcNpzzxJRkPnqMNSRixbU7P2ZhsuFsEjpNQGDC7EaTf3x
,,Image,QmPYkVKhkJaGG8kWU3z3hjTaC3YgbRJmj7c9TSuR7WwFsp
ALGO BRO,Manifold,--,On-Chain
REMNANTS,SuperRare,--,Arweave
SIMULACRUM,Manifold,--,On-Chain
OBLIVION,Manifold,--,Arweave
PROTO-SHADY,Manifold,--,Arweave
PROTO-WRETCH,Manifold,--,Arweave
PROTO-GOUGE,Manifold,--,Arweave
BANG_BANG,Manifold,--,Arweave
SIDEWAYZ,Manifold,--,Arweave
CHURN,Manifold,--,Arweave
CRAWLER,Manifold,--,Arweave
XOMBO,Manifold,--,Arweave
SH_MASH_MA,Manifold,--,Arweave
BOT_ROT,Manifold,--,Arweave
REIGN,Manifold,--,Arweave
HEAVY,Manifold,--,Arweave
COPE SALADA,Highlight,--,On-Chain
ICXN,Art Blocks Engine,--,On-Chain
EMPIRE THINGS,Manifold,--,On-Chain